link,name
http://whopayswriters.com/#/publication/100-days-in-appalachia,100 Days In Appalachia
http://whopayswriters.com/#/publication/3288-review,3288 Review
http://whopayswriters.com/#/publication/425-business,425 Business
http://whopayswriters.com/#/publication/435-magazine,435 Magazine
http://whopayswriters.com/#/publication/5280,5280
http://whopayswriters.com/#/publication/7x7,7x7
http://whopayswriters.com/#/publication/av-club,A.v. Club
http://whopayswriters.com/#/publication/ae-real-crime-blog,A&e Real Crime Blog
http://whopayswriters.com/#/publication/aarp-bulletin,Aarp Bulletin
http://whopayswriters.com/#/publication/aarp-en-espaol-spanishlanguage-website-for-aarp,Aarp En Español (spanish-language Website For Aarp).
http://whopayswriters.com/#/publication/acclaim-magazine,Acclaim Magazine
http://whopayswriters.com/#/publication/acres-usa,Acres Usa
http://whopayswriters.com/#/publication/adbusters,Adbusters
http://whopayswriters.com/#/publication/additude,Additude
http://whopayswriters.com/#/publication/adoptioncom,Adoption.com
http://whopayswriters.com/#/publication/adrain-telegram,Adrain Telegram
http://whopayswriters.com/#/publication/adventure-cyclist-magazine,Adventure Cyclist Magazine
http://whopayswriters.com/#/publication/adventure-kayak,Adventure Kayak
http://whopayswriters.com/#/publication/advicesister-beauty-fashion--lifestyle,"Advicesister Beauty, Fashion & Lifestyle"
http://whopayswriters.com/#/publication/aeon,Aeon
http://whopayswriters.com/#/publication/afar,Afar
http://whopayswriters.com/#/publication/africa-renewal-un,Africa Renewal (Un)
http://whopayswriters.com/#/publication/afropunk,Afropunk
http://whopayswriters.com/#/publication/agdaily,Agdaily
http://whopayswriters.com/#/publication/al-jazeera-america,Al Jazeera America
http://whopayswriters.com/#/publication/al-jazeera-english,Al Jazeera English
http://whopayswriters.com/#/publication/aljazeera-english,Al-jazeera English
http://whopayswriters.com/#/publication/alaska-airlines-magazine,Alaska Airlines Magazine
http://whopayswriters.com/#/publication/alive-65,Alive 65
http://whopayswriters.com/#/publication/all-black-media,All Black Media
http://whopayswriters.com/#/publication/allaboutcircuits,Allaboutcircuits
http://whopayswriters.com/#/publication/alma,Alma
http://whopayswriters.com/#/publication/almost-fearless,Almost Fearless
http://whopayswriters.com/#/publication/alpinist-magazine,Alpinist Magazine
http://whopayswriters.com/#/publication/alternet,Alternet
http://whopayswriters.com/#/publication/alternet-2nd-rights,Alternet (2nd Rights)
http://whopayswriters.com/#/publication/ambassador-national-italian-american-foundation,Ambassador (National Italian American Foundation)
http://whopayswriters.com/#/publication/america-magazine,America Magazine
http://whopayswriters.com/#/publication/americas-quarterly,America's Quarterly
http://whopayswriters.com/#/publication/american-angler,American Angler
http://whopayswriters.com/#/publication/american-banker,American Banker
http://whopayswriters.com/#/publication/american-city--county,American City & County
http://whopayswriters.com/#/publication/american-educator,American Educator
http://whopayswriters.com/#/publication/american-forests,American Forests
http://whopayswriters.com/#/publication/american-teacher-magazine,American Teacher Magazine
http://whopayswriters.com/#/publication/american-theatre,American Theatre
http://whopayswriters.com/#/publication/american-way,American Way
http://whopayswriters.com/#/publication/amongmen,Amongmen
http://whopayswriters.com/#/publication/animal-new-york,Animal New York
http://whopayswriters.com/#/publication/aol-travel,Aol Travel
http://whopayswriters.com/#/publication/april-magazine,April Magazine
http://whopayswriters.com/#/publication/aps-news,Aps News
http://whopayswriters.com/#/publication/arc-digital,Arc Digital
http://whopayswriters.com/#/publication/archdaily,Archdaily
http://whopayswriters.com/#/publication/archer-magazine,Archer Magazine
http://whopayswriters.com/#/publication/archinect,Archinect
http://whopayswriters.com/#/publication/architect-magazine,Architect Magazine
http://whopayswriters.com/#/publication/architectural-digest,Architectural Digest
http://whopayswriters.com/#/publication/architectural-record,Architectural Record
http://whopayswriters.com/#/publication/are-we-europe,Are We Europe
http://whopayswriters.com/#/publication/arena-music,Arena Music
http://whopayswriters.com/#/publication/argot-magazine,Argot Magazine
http://whopayswriters.com/#/publication/armenian-weekly,Armenian Weekly
http://whopayswriters.com/#/publication/ars-technica,Ars Technica
http://whopayswriters.com/#/publication/art-for-ourselves,Art For Ourselves
http://whopayswriters.com/#/publication/art-in-america,Art In America
http://whopayswriters.com/#/publication/art-jewelry-forum,Art Jewelry Forum
http://whopayswriters.com/#/publication/art-papers,Art Papers
http://whopayswriters.com/#/publication/art-press-france,Art Press (france)
http://whopayswriters.com/#/publication/art21-magazine,Art21 Magazine
http://whopayswriters.com/#/publication/arte-fuse,Arte Fuse
http://whopayswriters.com/#/publication/artforum,Artforum
http://whopayswriters.com/#/publication/artnews,Artnews
http://whopayswriters.com/#/publication/artreview,Artreview
http://whopayswriters.com/#/publication/artreview,Artreview
http://whopayswriters.com/#/publication/arts--letters,Arts & Letters
http://whopayswriters.com/#/publication/artslant,Artslant
http://whopayswriters.com/#/publication/artsy,Artsy
http://whopayswriters.com/#/publication/artus,Artus
http://whopayswriters.com/#/publication/asia-times-online,Asia Times Online
http://whopayswriters.com/#/publication/askmencom,Askmen.com
http://whopayswriters.com/#/publication/astronomy-magazine,Astronomy Magazine
http://whopayswriters.com/#/publication/asweatlife,Asweatlife
http://whopayswriters.com/#/publication/at-large-magazine,At Large Magazine
http://whopayswriters.com/#/publication/athenainsight,Athenainsight
http://whopayswriters.com/#/publication/atlanta-blackstar,Atlanta Blackstar
http://whopayswriters.com/#/publication/atlanta-magazine,Atlanta Magazine
http://whopayswriters.com/#/publication/atlantic-books-today,Atlantic Books Today
http://whopayswriters.com/#/publication/atlas-obscura,Atlas Obscura
http://whopayswriters.com/#/publication/audubon-magazine,Audubon Magazine
http://whopayswriters.com/#/publication/autostraddle,Autostraddle
http://whopayswriters.com/#/publication/avalon-magazine-canada,Avalon Magazine (canada)
http://whopayswriters.com/#/publication/avianca,Avianca
http://whopayswriters.com/#/publication/awp,Awp
http://whopayswriters.com/#/publication/babble,Babble
http://whopayswriters.com/#/publication/babe,Babe
http://whopayswriters.com/#/publication/backchannel,Backchannel
http://whopayswriters.com/#/publication/backpacker-magazine,Backpacker Magazine
http://whopayswriters.com/#/publication/backstage,Backstage
http://whopayswriters.com/#/publication/bali-bell,Bali Bell
http://whopayswriters.com/#/publication/baltimore-review,Baltimore Review
http://whopayswriters.com/#/publication/baltimores-child,Baltimore's Child
http://whopayswriters.com/#/publication/barista-magazine,Barista Magazine
http://whopayswriters.com/#/publication/bay-nature,Bay Nature
http://whopayswriters.com/#/publication/bay-street-bull,Bay Street Bull
http://whopayswriters.com/#/publication/bbc-capital,Bbc Capital
http://whopayswriters.com/#/publication/bbc-culture,Bbc Culture
http://whopayswriters.com/#/publication/bbc-future,Bbc Future
http://whopayswriters.com/#/publication/bbc-travel,Bbc Travel
http://whopayswriters.com/#/publication/bc-business,Bc Business
http://whopayswriters.com/#/publication/be-moxie,Be Moxie
http://whopayswriters.com/#/publication/bedford--bowery,Bedford + Bowery
http://whopayswriters.com/#/publication/bedsider,Bedsider
http://whopayswriters.com/#/publication/belt-magazine,Belt Magazine
http://whopayswriters.com/#/publication/best-womens-travel-writing,Best Women's Travel Writing
http://whopayswriters.com/#/publication/bevel-code,Bevel Code
http://whopayswriters.com/#/publication/beverage-industry,Beverage Industry
http://whopayswriters.com/#/publication/beyond,Beyond
http://whopayswriters.com/#/publication/beyond-myth-and-jargon,Beyond Myth And Jargon
http://whopayswriters.com/#/publication/billboard,Billboard
http://whopayswriters.com/#/publication/bioscience,Bioscience
http://whopayswriters.com/#/publication/biotechniques,Biotechniques
http://whopayswriters.com/#/publication/bitch,Bitch
http://whopayswriters.com/#/publication/black-women-to-support-at-sxsw,Black Women To Support At Sxsw
http://whopayswriters.com/#/publication/blackbook,Blackbook
http://whopayswriters.com/#/publication/blasting-news-us,Blasting News Us
http://whopayswriters.com/#/publication/blavity,Blavity
http://whopayswriters.com/#/publication/bloomberg-news,Bloomberg News
http://whopayswriters.com/#/publication/blue-ridge-country-magazine,Blue Ridge Country Magazine
http://whopayswriters.com/#/publication/boardwalk-savers,Boardwalk Savers
http://whopayswriters.com/#/publication/bodybuildingcom,Bodybuilding.com
http://whopayswriters.com/#/publication/boiler-room,Boiler Room
http://whopayswriters.com/#/publication/boing-boing,Boing Boing
http://whopayswriters.com/#/publication/bonappetitcom,Bonappetit.com
http://whopayswriters.com/#/publication/book-riot,Book Riot
http://whopayswriters.com/#/publication/bookforum,Bookforum
http://whopayswriters.com/#/publication/books--culture,Books & Culture
http://whopayswriters.com/#/publication/bookslut,Bookslut
http://whopayswriters.com/#/publication/boom-a-journal-of-california,Boom: A Journal Of California
http://whopayswriters.com/#/publication/boston-globe,Boston Globe
http://whopayswriters.com/#/publication/boston-globe-magazine,Boston Globe Magazine
http://whopayswriters.com/#/publication/boston-herald,Boston Herald
http://whopayswriters.com/#/publication/boston-magazine,Boston Magazine
http://whopayswriters.com/#/publication/boston-phoenix,Boston Phoenix
http://whopayswriters.com/#/publication/boston-review,Boston Review
http://whopayswriters.com/#/publication/boulder-weekly,Boulder Weekly
http://whopayswriters.com/#/publication/boys-life-magazine,Boys' Life Magazine
http://whopayswriters.com/#/publication/brain-world,Brain World
http://whopayswriters.com/#/publication/brand-quarterly,Brand Quarterly
http://whopayswriters.com/#/publication/brickunderground,Brickunderground
http://whopayswriters.com/#/publication/bright,Bright
http://whopayswriters.com/#/publication/bright-walldark-room,Bright Wall/dark Room
http://whopayswriters.com/#/publication/brit--co,Brit + Co
http://whopayswriters.com/#/publication/broadly,Broadly
http://whopayswriters.com/#/publication/broadly-vice,Broadly (vice)
http://whopayswriters.com/#/publication/brobible,Brobible
http://whopayswriters.com/#/publication/broken-pencil,Broken Pencil
http://whopayswriters.com/#/publication/brooklyn-exposed,Brooklyn Exposed
http://whopayswriters.com/#/publication/brooklyn-magazine,Brooklyn Magazine
http://whopayswriters.com/#/publication/brooklyn-rail,Brooklyn Rail
http://whopayswriters.com/#/publication/brown-alumni-magazine,Brown Alumni Magazine
http://whopayswriters.com/#/publication/bu-today,Bu Today
http://whopayswriters.com/#/publication/budget-travel-magazine,Budget Travel Magazine
http://whopayswriters.com/#/publication/bullett,Bullett
http://whopayswriters.com/#/publication/burnawayorg,Burnaway.org
http://whopayswriters.com/#/publication/businessweek,Businessweek
http://whopayswriters.com/#/publication/bust,Bust
http://whopayswriters.com/#/publication/bustle,Bustle
http://whopayswriters.com/#/publication/buzzfeed,Buzzfeed
http://whopayswriters.com/#/publication/buzzfeed-india,Buzzfeed India
http://whopayswriters.com/#/publication/byrdie,Byrdie
http://whopayswriters.com/#/publication/cville-weekly,C-ville Weekly
http://whopayswriters.com/#/publication/cafecom,Cafe.com
http://whopayswriters.com/#/publication/cafemom-the-stir,Cafemom The Stir
http://whopayswriters.com/#/publication/california-fly-fisher,California Fly Fisher
http://whopayswriters.com/#/publication/california-magazine,California Magazine
http://whopayswriters.com/#/publication/california-sunday-magazine,California Sunday Magazine
http://whopayswriters.com/#/publication/calvert-journal,Calvert Journal
http://whopayswriters.com/#/publication/canadaland,Canadaland
http://whopayswriters.com/#/publication/cancer-discovery,Cancer Discovery
http://whopayswriters.com/#/publication/capital-new-york,Capital New York
http://whopayswriters.com/#/publication/cappers,Capper's
http://whopayswriters.com/#/publication/caravanistan,Caravanistan
http://whopayswriters.com/#/publication/carolina-parent,Carolina Parent
http://whopayswriters.com/#/publication/casinopedia,Casinopedia
http://whopayswriters.com/#/publication/catapult,Catapult
http://whopayswriters.com/#/publication/catholic-review,Catholic Review
http://whopayswriters.com/#/publication/catster,Catster
http://whopayswriters.com/#/publication/ceilings-and-standards,Ceilings And Standards
http://whopayswriters.com/#/publication/celebrationscom,Celebrations.com
http://whopayswriters.com/#/publication/cengagegale,Cengage/gale
http://whopayswriters.com/#/publication/center-for-digital-ethics,Center For Digital Ethics
http://whopayswriters.com/#/publication/chamber-music-america,Chamber Music America
http://whopayswriters.com/#/publication/chap-magazine,Chap Magazine
http://whopayswriters.com/#/publication/charlottesville-family,Charlottesville Family
http://whopayswriters.com/#/publication/cheapismcom,Cheapism.com
http://whopayswriters.com/#/publication/cheese-connoisseur,Cheese Connoisseur
http://whopayswriters.com/#/publication/chefsfeed,Chefsfeed
http://whopayswriters.com/#/publication/chicago-magazine,Chicago Magazine
http://whopayswriters.com/#/publication/chicago-reader,Chicago Reader
http://whopayswriters.com/#/publication/chicago-tribune,Chicago Tribune
http://whopayswriters.com/#/publication/chicago-tribune-printers-row-literary-supplement,Chicago Tribune Printers Row Literary Supplement
http://whopayswriters.com/#/publication/chickpea-magazine,Chickpea Magazine
http://whopayswriters.com/#/publication/chowhound,Chowhound
http://whopayswriters.com/#/publication/christ-and-pop-culture-magazine,Christ And Pop Culture Magazine
http://whopayswriters.com/#/publication/christian-science-monitor,Christian Science Monitor
http://whopayswriters.com/#/publication/christianity-today,Christianity Today
http://whopayswriters.com/#/publication/chronicle-of-higher-education,Chronicle Of Higher Education
http://whopayswriters.com/#/publication/cicada-magazine,Cicada Magazine
http://whopayswriters.com/#/publication/cim-magazine,Cim Magazine
http://whopayswriters.com/#/publication/citiscope,Citiscope
http://whopayswriters.com/#/publication/city-limits,City Limits
http://whopayswriters.com/#/publication/city-of-hype,City Of Hype
http://whopayswriters.com/#/publication/city-pages,City Pages
http://whopayswriters.com/#/publication/citylab,Citylab
http://whopayswriters.com/#/publication/civil-eats,Civil Eats
http://whopayswriters.com/#/publication/classical-magazine,Classical Magazine
http://whopayswriters.com/#/publication/cleis-press,Cleis Press
http://whopayswriters.com/#/publication/cleveland-plain-dealer,Cleveland Plain Dealer
http://whopayswriters.com/#/publication/climbing,Climbing
http://whopayswriters.com/#/publication/climbing-business-journal,Climbing Business Journal
http://whopayswriters.com/#/publication/cloudtweakscom,Cloudtweaks.com
http://whopayswriters.com/#/publication/cluster-magazine,Cluster Magazine
http://whopayswriters.com/#/publication/cnbccom,Cnbc.com
http://whopayswriters.com/#/publication/cnn,Cnn
http://whopayswriters.com/#/publication/codesign,Co.design
http://whopayswriters.com/#/publication/colors-berlin,Colors Berlin
http://whopayswriters.com/#/publication/columbia-journalism-review,Columbia Journalism Review
http://whopayswriters.com/#/publication/columbia-magazine,Columbia Magazine
http://whopayswriters.com/#/publication/communication-world-magazine,Communication World Magazine
http://whopayswriters.com/#/publication/compass-cultura,Compass Cultura
http://whopayswriters.com/#/publication/complex,Complex
http://whopayswriters.com/#/publication/conde-nast-traveler,Conde Nast Traveler
http://whopayswriters.com/#/publication/connecticut-bride,Connecticut Bride
http://whopayswriters.com/#/publication/consequence-of-sound,Consequence Of Sound
http://whopayswriters.com/#/publication/constant-content,Constant Content
http://whopayswriters.com/#/publication/consumers-digest,Consumers Digest
http://whopayswriters.com/#/publication/consumersearchcom,Consumersearch.com
http://whopayswriters.com/#/publication/contently--trulia,Contently / Trulia
http://whopayswriters.com/#/publication/conversation,Conversation
http://whopayswriters.com/#/publication/convivium,Convivium
http://whopayswriters.com/#/publication/coolhunting,Coolhunting
http://whopayswriters.com/#/publication/corporatestays,Corporatestays
http://whopayswriters.com/#/publication/cosmopolitan,Cosmopolitan
http://whopayswriters.com/#/publication/cosmopolitan-uk,Cosmopolitan Uk
http://whopayswriters.com/#/publication/cosmos-magazine,Cosmos Magazine
http://whopayswriters.com/#/publication/cowboys--indians,Cowboys & Indians
http://whopayswriters.com/#/publication/cracked,Cracked
http://whopayswriters.com/#/publication/craft-beer-magazine,Craft Beer Magazine
http://whopayswriters.com/#/publication/craft-industry-alliance,Craft Industry Alliance
http://whopayswriters.com/#/publication/crains-chicago-business,Crain's Chicago Business
http://whopayswriters.com/#/publication/crains-cleveland-business,Crain's Cleveland Business
http://whopayswriters.com/#/publication/crains-new-york,Crain's New York
http://whopayswriters.com/#/publication/creative-loafing-atlanta,Creative Loafing Atlanta
http://whopayswriters.com/#/publication/creative-screenwriting,Creative Screenwriting
http://whopayswriters.com/#/publication/creators-news,Creators News
http://whopayswriters.com/#/publication/crixeo,Crixeo
http://whopayswriters.com/#/publication/crosscut,Crosscut
http://whopayswriters.com/#/publication/crossed-genres,Crossed Genres
http://whopayswriters.com/#/publication/csm-modern-parenting,Csm Modern Parenting
http://whopayswriters.com/#/publication/cuepoint,Cuepoint
http://whopayswriters.com/#/publication/culture-trip,Culture Trip
http://whopayswriters.com/#/publication/culturess,Culturess
http://whopayswriters.com/#/publication/curbed,Curbed
http://whopayswriters.com/#/publication/curiosity,Curiosity
http://whopayswriters.com/#/publication/current-affairs,Current Affairs
http://whopayswriters.com/#/publication/curve-magazine,Curve Magazine
http://whopayswriters.com/#/publication/cutcom,Cut.com
http://whopayswriters.com/#/publication/cutcom,Cut.com
http://whopayswriters.com/#/publication/d-magazine,D Magazine
http://whopayswriters.com/#/publication/daily-detroit,Daily Detroit
http://whopayswriters.com/#/publication/daily-mail,Daily Mail
http://whopayswriters.com/#/publication/daily-serving,Daily Serving
http://whopayswriters.com/#/publication/daily-telegraph,Daily Telegraph
http://whopayswriters.com/#/publication/daily-xtra,Daily Xtra
http://whopayswriters.com/#/publication/daily-yonder,Daily Yonder
http://whopayswriters.com/#/publication/dallas-voice,Dallas Voice
http://whopayswriters.com/#/publication/dame-magazine,Dame Magazine
http://whopayswriters.com/#/publication/dance-international,Dance International
http://whopayswriters.com/#/publication/dance-retailer-news,Dance Retailer News
http://whopayswriters.com/#/publication/darling-magazine,Darling Magazine
http://whopayswriters.com/#/publication/dazed,Dazed
http://whopayswriters.com/#/publication/dc-inno,Dc Inno
http://whopayswriters.com/#/publication/de-magazine-or-design-exchange-magazine,De Magazine (or Design Exchange Magazine)
http://whopayswriters.com/#/publication/deadspin,Deadspin
http://whopayswriters.com/#/publication/debtcom,Debt.com
http://whopayswriters.com/#/publication/deep-south-magazine,Deep South Magazine
http://whopayswriters.com/#/publication/departures,Departures
http://whopayswriters.com/#/publication/desert-companion,Desert Companion
http://whopayswriters.com/#/publication/differencebetweennet,Differencebetween.net
http://whopayswriters.com/#/publication/diffords-guide,Difford's Guide
http://whopayswriters.com/#/publication/dig-boston,Dig Boston
http://whopayswriters.com/#/publication/dirt-rag-magazine,Dirt Rag Magazine
http://whopayswriters.com/#/publication/dirt-rag-magazine,Dirt Rag Magazine
http://whopayswriters.com/#/publication/discover,Discover
http://whopayswriters.com/#/publication/disfunkshion-magazine,Disfunkshion Magazine
http://whopayswriters.com/#/publication/distinctly-montana,Distinctly Montana
http://whopayswriters.com/#/publication/diva,Diva
http://whopayswriters.com/#/publication/diy-magazine,Diy Magazine
http://whopayswriters.com/#/publication/dj-tech-tools,Dj Tech Tools
http://whopayswriters.com/#/publication/dnainfocom,Dnainfo.com
http://whopayswriters.com/#/publication/documented,Documented
http://whopayswriters.com/#/publication/dogstercom,Dogster.com
http://whopayswriters.com/#/publication/domino,Domino
http://whopayswriters.com/#/publication/domus-europe,Domus (europe)
http://whopayswriters.com/#/publication/dorado,Dorado
http://whopayswriters.com/#/publication/downtown-neighbors,Downtown Neighbors
http://whopayswriters.com/#/publication/draft-magazine,Draft Magazine
http://whopayswriters.com/#/publication/dreamchrono,Dreamchrono
http://whopayswriters.com/#/publication/dujour,Dujour
http://whopayswriters.com/#/publication/dumpling-magazine,Dumpling Magazine
http://whopayswriters.com/#/publication/dungeon--dragons-magazine-wizards-of-the-coast,"Dungeon & Dragons Magazine (""wizards Of The Coast"")"
http://whopayswriters.com/#/publication/dwell,Dwell
http://whopayswriters.com/#/publication/earth-island-journal,Earth Island Journal
http://whopayswriters.com/#/publication/east-bay-express,East Bay Express
http://whopayswriters.com/#/publication/eater,Eater
http://whopayswriters.com/#/publication/eater-atlanta,Eater Atlanta
http://whopayswriters.com/#/publication/eating-well,Eating Well
http://whopayswriters.com/#/publication/ebony,Ebony
http://whopayswriters.com/#/publication/ecowatch,Ecowatch
http://whopayswriters.com/#/publication/edible-dc,Edible D.c.
http://whopayswriters.com/#/publication/efniks,Efniks
http://whopayswriters.com/#/publication/el-espaol,El Español
http://whopayswriters.com/#/publication/el-pais,El Pais
http://whopayswriters.com/#/publication/el-universo,El Universo
http://whopayswriters.com/#/publication/electric-literature,Electric Literature
http://whopayswriters.com/#/publication/electronic-sound,Electronic Sound
http://whopayswriters.com/#/publication/elephant,Elephant
http://whopayswriters.com/#/publication/elle,Elle
http://whopayswriters.com/#/publication/emusic,Emusic
http://whopayswriters.com/#/publication/endless-vacation,Endless Vacation
http://whopayswriters.com/#/publication/engadget,Engadget
http://whopayswriters.com/#/publication/entrepreneur-magazine,Entrepreneur Magazine
http://whopayswriters.com/#/publication/equality-for-her,Equality For Her
http://whopayswriters.com/#/publication/erosion-control-magazine,Erosion Control Magazine
http://whopayswriters.com/#/publication/esglobal,Esglobal
http://whopayswriters.com/#/publication/esme,Esme
http://whopayswriters.com/#/publication/espn-esports,Espn Esports
http://whopayswriters.com/#/publication/espn-the-magazine,Espn The Magazine
http://whopayswriters.com/#/publication/esquire,Esquire
http://whopayswriters.com/#/publication/esquire-online,Esquire (online)
http://whopayswriters.com/#/publication/event,Event
http://whopayswriters.com/#/publication/everfest,Everfest
http://whopayswriters.com/#/publication/everyday-feminism,Everyday Feminism
http://whopayswriters.com/#/publication/excelle-sports,Excelle Sports
http://whopayswriters.com/#/publication/exclaim,Exclaim
http://whopayswriters.com/#/publication/exeunt-magazine,Exeunt Magazine
http://whopayswriters.com/#/publication/experience-life,Experience Life
http://whopayswriters.com/#/publication/extra-crispy,Extra Crispy
http://whopayswriters.com/#/publication/fact-magazine,Fact Magazine
http://whopayswriters.com/#/publication/family-circle,Family Circle
http://whopayswriters.com/#/publication/family-fun-canada,Family Fun Canada
http://whopayswriters.com/#/publication/fanbread,Fanbread
http://whopayswriters.com/#/publication/fansided,Fansided
http://whopayswriters.com/#/publication/far-and-wide,Far And Wide
http://whopayswriters.com/#/publication/fashion-unfiltered,Fashion Unfiltered
http://whopayswriters.com/#/publication/fashionista,Fashionista
http://whopayswriters.com/#/publication/fast-company,Fast Company
http://whopayswriters.com/#/publication/fastcompanycom,Fastcompany.com
http://whopayswriters.com/#/publication/fatherly,Fatherly
http://whopayswriters.com/#/publication/feedsyndicate,Feedsyndicate
http://whopayswriters.com/#/publication/femsplain,Femsplain
http://whopayswriters.com/#/publication/fender,Fender
http://whopayswriters.com/#/publication/fierce-by-mit,Fierce By Mitú
http://whopayswriters.com/#/publication/fiftyisthenewfiftycom,Fiftyisthenewfifty.com
http://whopayswriters.com/#/publication/fightland,Fightland
http://whopayswriters.com/#/publication/film-comment,Film Comment
http://whopayswriters.com/#/publication/film-school-rejects,Film School Rejects
http://whopayswriters.com/#/publication/financial-post,Financial Post
http://whopayswriters.com/#/publication/fine-gardening,Fine Gardening
http://whopayswriters.com/#/publication/fitness,Fitness
http://whopayswriters.com/#/publication/fivethirtyeight,Fivethirtyeight
http://whopayswriters.com/#/publication/flamingo,Flamingo
http://whopayswriters.com/#/publication/flare,Flare
http://whopayswriters.com/#/publication/flash-art,Flash Art
http://whopayswriters.com/#/publication/flaunt-magazine,Flaunt Magazine
http://whopayswriters.com/#/publication/flood-magazine,Flood Magazine
http://whopayswriters.com/#/publication/fluentu,Fluentu
http://whopayswriters.com/#/publication/focus-middle-tennessee,Focus Middle Tennessee
http://whopayswriters.com/#/publication/fodors,Fodor's
http://whopayswriters.com/#/publication/folks,Folks
http://whopayswriters.com/#/publication/food-52,Food 52
http://whopayswriters.com/#/publication/food-republic,Food Republic
http://whopayswriters.com/#/publication/foodbeast,Foodbeast
http://whopayswriters.com/#/publication/for-her-by-aleteia,For Her By Aleteia
http://whopayswriters.com/#/publication/forbes,Forbes
http://whopayswriters.com/#/publication/foreign-policy,Foreign Policy
http://whopayswriters.com/#/publication/forge-literary-magazine,Forge Literary Magazine
http://whopayswriters.com/#/publication/fortunecom,Fortune.com
http://whopayswriters.com/#/publication/foss-force,Foss Force
http://whopayswriters.com/#/publication/fox-news--travel,Fox News - Travel
http://whopayswriters.com/#/publication/free-speech-radio-news,Free Speech Radio News
http://whopayswriters.com/#/publication/freedom-with-writing,Freedom With Writing
http://whopayswriters.com/#/publication/freelance-writing-ezine,Freelance Writing (Ezine)
http://whopayswriters.com/#/publication/freemuseorgglobal-voices,Freemuse.org/global Voices
http://whopayswriters.com/#/publication/frieze,Frieze
http://whopayswriters.com/#/publication/fugue,Fugue
http://whopayswriters.com/#/publication/full-stop,Full Stop
http://whopayswriters.com/#/publication/funny-times,Funny Times
http://whopayswriters.com/#/publication/fusetv,Fuse.tv
http://whopayswriters.com/#/publication/fusion,Fusion
http://whopayswriters.com/#/publication/galore,Galore
http://whopayswriters.com/#/publication/gamut,Gamut
http://whopayswriters.com/#/publication/garage-vice,Garage (Vice)
http://whopayswriters.com/#/publication/gawker,Gawker
http://whopayswriters.com/#/publication/geek--sundry,Geek & Sundry
http://whopayswriters.com/#/publication/geist-magazine,Geist Magazine
http://whopayswriters.com/#/publication/getabstract,Getabstract
http://whopayswriters.com/#/publication/girlboss,Girlboss
http://whopayswriters.com/#/publication/girls-life,Girls' Life
http://whopayswriters.com/#/publication/gizmodo,Gizmodo
http://whopayswriters.com/#/publication/glamour,Glamour
http://whopayswriters.com/#/publication/global-comment,Global Comment
http://whopayswriters.com/#/publication/global-community-news,Global Community News
http://whopayswriters.com/#/publication/global-post,Global Post
http://whopayswriters.com/#/publication/globalo,Globalo
http://whopayswriters.com/#/publication/globein-blog,Globein Blog
http://whopayswriters.com/#/publication/gloholiday,Gloholiday
http://whopayswriters.com/#/publication/gluten-free-living,Gluten Free Living
http://whopayswriters.com/#/publication/gnome-magazine,Gnome Magazine
http://whopayswriters.com/#/publication/go-world-travel,Go World Travel
http://whopayswriters.com/#/publication/good-housekeeping,Good Housekeeping
http://whopayswriters.com/#/publication/good-magazine,Good Magazine
http://whopayswriters.com/#/publication/good-magazine-project-literacy-series,"Good Magazine, Project Literacy Series"
http://whopayswriters.com/#/publication/gothamist,Gothamist
http://whopayswriters.com/#/publication/gq,Gq
http://whopayswriters.com/#/publication/gradesaver,Gradesaver
http://whopayswriters.com/#/publication/gradient,Gradient
http://whopayswriters.com/#/publication/grammarly-blog,Grammarly Blog
http://whopayswriters.com/#/publication/granta,Granta
http://whopayswriters.com/#/publication/grantland,Grantland
http://whopayswriters.com/#/publication/greatist,Greatist
http://whopayswriters.com/#/publication/green-parent,Green Parent
http://whopayswriters.com/#/publication/greentech-media,Greentech Media
http://whopayswriters.com/#/publication/grist,Grist
http://whopayswriters.com/#/publication/groknation,Groknation
http://whopayswriters.com/#/publication/guardian-labs,Guardian Labs
http://whopayswriters.com/#/publication/guernica,Guernica
http://whopayswriters.com/#/publication/guidepostsorg,Guideposts.org
http://whopayswriters.com/#/publication/gulf-coast-magazine,Gulf Coast Magazine
http://whopayswriters.com/#/publication/guts-canadian-feminist-magazine,Guts Canadian Feminist Magazine
http://whopayswriters.com/#/publication/hakai-magazine,Hakai Magazine
http://whopayswriters.com/#/publication/happenmagcom,Happenmag.com
http://whopayswriters.com/#/publication/hardcore-gaming-101,Hardcore Gaming 101
http://whopayswriters.com/#/publication/harlem-bee,Harlem Bee
http://whopayswriters.com/#/publication/harpers,Harper's
http://whopayswriters.com/#/publication/hartford-courant,Hartford Courant
http://whopayswriters.com/#/publication/harvard-magazine,Harvard Magazine
http://whopayswriters.com/#/publication/hawaii-building-industry,Hawaii Building Industry
http://whopayswriters.com/#/publication/haydens-ferry-review,Hayden's Ferry Review
http://whopayswriters.com/#/publication/hazlitt,Hazlitt
http://whopayswriters.com/#/publication/headspace,Headspace
http://whopayswriters.com/#/publication/headstufforg,Headstuff.org
http://whopayswriters.com/#/publication/healing-lifestyles--spas,Healing Lifestyles & Spas
http://whopayswriters.com/#/publication/healio,Healio
http://whopayswriters.com/#/publication/healthline,Healthline
http://whopayswriters.com/#/publication/healthyplace,Healthyplace
http://whopayswriters.com/#/publication/healthyway,Healthyway
http://whopayswriters.com/#/publication/healthyway,Healthyway
http://whopayswriters.com/#/publication/hello-giggles,Hello Giggles
http://whopayswriters.com/#/publication/helloflo,Helloflo
http://whopayswriters.com/#/publication/herizons,Herizons
http://whopayswriters.com/#/publication/heterotopias,Heterotopias
http://whopayswriters.com/#/publication/heyreverbcom,Heyreverb.com
http://whopayswriters.com/#/publication/hidden-europe-magazine,Hidden Europe Magazine
http://whopayswriters.com/#/publication/high-country-news,High Country News
http://whopayswriters.com/#/publication/high-snobiety,High Snobiety
http://whopayswriters.com/#/publication/high-times,High Times
http://whopayswriters.com/#/publication/highend-media--gatehouse-publishing,Highend Media / Gatehouse Publishing
http://whopayswriters.com/#/publication/hinduism-today,Hinduism Today
http://whopayswriters.com/#/publication/hollywood-reporter,Hollywood Reporter
http://whopayswriters.com/#/publication/hollywoods-black-renaissance,Hollywood's Black Renaissance
http://whopayswriters.com/#/publication/home-business-magazine,Home Business Magazine
http://whopayswriters.com/#/publication/homelight,Homelight
http://whopayswriters.com/#/publication/homify,Homify
http://whopayswriters.com/#/publication/honey-colony,Honey Colony
http://whopayswriters.com/#/publication/hoodline,Hoodline
http://whopayswriters.com/#/publication/hooked-telepathictv,Hooked (telepathic.tv)
http://whopayswriters.com/#/publication/hopes-and-fears,Hopes And Fears
http://whopayswriters.com/#/publication/hopkins-review,Hopkins Review
http://whopayswriters.com/#/publication/hotnewhiphop,Hotnewhiphop
http://whopayswriters.com/#/publication/housetipster,Housetipster
http://whopayswriters.com/#/publication/how-magazine,How Magazine
http://whopayswriters.com/#/publication/hr-dive,Hr Dive
http://whopayswriters.com/#/publication/httpwwwcuratedquotescom,Http://www.curatedquotes.com
http://whopayswriters.com/#/publication/huck-magazine,Huck Magazine
http://whopayswriters.com/#/publication/hudson-reporter,Hudson Reporter
http://whopayswriters.com/#/publication/huffington-post,Huffington Post
http://whopayswriters.com/#/publication/huffpost,Huffpost
http://whopayswriters.com/#/publication/human-parts-medium-now-defunct,"Human Parts, Medium (Now Defunct)"
http://whopayswriters.com/#/publication/hunting-mark,Hunting Mark
http://whopayswriters.com/#/publication/hustler-magazine,Hustler Magazine
http://whopayswriters.com/#/publication/hyperallergic,Hyperallergic
http://whopayswriters.com/#/publication/i,I
http://whopayswriters.com/#/publication/id-vice,I-d (Vice)
http://whopayswriters.com/#/publication/ibelieve,Ibelieve
http://whopayswriters.com/#/publication/idiom,Idiom
http://whopayswriters.com/#/publication/ign,Ign
http://whopayswriters.com/#/publication/image,Image
http://whopayswriters.com/#/publication/impact,Impact
http://whopayswriters.com/#/publication/impose,Impose
http://whopayswriters.com/#/publication/in-these-times,In These Times
http://whopayswriters.com/#/publication/inbound-logistics,Inbound Logistics
http://whopayswriters.com/#/publication/inc,Inc.
http://whopayswriters.com/#/publication/indesignlivecom,Indesignlive.com
http://whopayswriters.com/#/publication/indianapolis-monthly,Indianapolis Monthly
http://whopayswriters.com/#/publication/indianapolis-star,Indianapolis Star
http://whopayswriters.com/#/publication/indiewire,Indiewire
http://whopayswriters.com/#/publication/industrie-magazine,Industrie Magazine
http://whopayswriters.com/#/publication/indy-week,Indy Week
http://whopayswriters.com/#/publication/infoq,Infoq
http://whopayswriters.com/#/publication/information-today,Information Today
http://whopayswriters.com/#/publication/informationweek,Informationweek
http://whopayswriters.com/#/publication/inside-higher-ed,Inside Higher Ed
http://whopayswriters.com/#/publication/insider,Insider
http://whopayswriters.com/#/publication/institutional-investor,Institutional Investor
http://whopayswriters.com/#/publication/instylecom,Instyle.com
http://whopayswriters.com/#/publication/international-business-times-uk,International Business Times Uk
http://whopayswriters.com/#/publication/international-herald-tribune,International Herald Tribune
http://whopayswriters.com/#/publication/international-policy-digest,International Policy Digest
http://whopayswriters.com/#/publication/international-wine-accessories-blog,International Wine Accessories Blog
http://whopayswriters.com/#/publication/internet-retailer,Internet Retailer
http://whopayswriters.com/#/publication/interview-magazine,Interview Magazine
http://whopayswriters.com/#/publication/into,Into
http://whopayswriters.com/#/publication/intransit,Intransit
http://whopayswriters.com/#/publication/inverse,Inverse
http://whopayswriters.com/#/publication/investigative-reporting,Investigative Reporting
http://whopayswriters.com/#/publication/invision,Invision
http://whopayswriters.com/#/publication/islands-magazine,Islands Magazine
http://whopayswriters.com/#/publication/italian-america,Italian America
http://whopayswriters.com/#/publication/ithaca-times,Ithaca Times
http://whopayswriters.com/#/publication/ivnus,Ivn(.)us
http://whopayswriters.com/#/publication/jackson-free-press,Jackson Free Press
http://whopayswriters.com/#/publication/jacobin,Jacobin
http://whopayswriters.com/#/publication/jetsett,Jetsett
http://whopayswriters.com/#/publication/jetstar-asia,Jetstar Asia
http://whopayswriters.com/#/publication/jetstar-australia,Jetstar Australia
http://whopayswriters.com/#/publication/jewish-in-seattle,Jewish In Seattle
http://whopayswriters.com/#/publication/jezebel,Jezebel
http://whopayswriters.com/#/publication/jsource,Jsource
http://whopayswriters.com/#/publication/jstor-daily,Jstor Daily
http://whopayswriters.com/#/publication/jungle-world,Jungle World
http://whopayswriters.com/#/publication/kaleidoscope,Kaleidoscope
http://whopayswriters.com/#/publication/kcet-artbound,Kcet Artbound
http://whopayswriters.com/#/publication/kenyon-review,Kenyon Review
http://whopayswriters.com/#/publication/kerrang,Kerrang!
http://whopayswriters.com/#/publication/kidspot,Kidspot
http://whopayswriters.com/#/publication/kill-screen,Kill Screen
http://whopayswriters.com/#/publication/kindred-spirit,Kindred Spirit
http://whopayswriters.com/#/publication/kinfolk-magazine,Kinfolk Magazine
http://whopayswriters.com/#/publication/kinoscope,Kinoscope
http://whopayswriters.com/#/publication/kirkus-indie,Kirkus Indie
http://whopayswriters.com/#/publication/kiwi-magazine,Kiwi Magazine
http://whopayswriters.com/#/publication/kpopstarz,Kpopstarz
http://whopayswriters.com/#/publication/kveller,Kveller
http://whopayswriters.com/#/publication/la-downtowner,L.a. Downtowner
http://whopayswriters.com/#/publication/la-weekly,L.a. Weekly
http://whopayswriters.com/#/publication/l0w-l1f3-magazine,L0w L1f3 Magazine
http://whopayswriters.com/#/publication/la-review-of-books,La Review Of Books
http://whopayswriters.com/#/publication/la-taco,La Taco
http://whopayswriters.com/#/publication/lady-clever,Lady Clever
http://whopayswriters.com/#/publication/lambda-literary-review,Lambda Literary Review
http://whopayswriters.com/#/publication/landscape-architecture-magazine,Landscape Architecture Magazine
http://whopayswriters.com/#/publication/laphams-quarterly,Lapham's Quarterly
http://whopayswriters.com/#/publication/latino-leaders,Latino Leaders
http://whopayswriters.com/#/publication/leaders-edge-magazine,Leader's Edge Magazine
http://whopayswriters.com/#/publication/leapsmag,Leapsmag
http://whopayswriters.com/#/publication/learnvest,Learnvest
http://whopayswriters.com/#/publication/lenny-letter,Lenny Letter
http://whopayswriters.com/#/publication/lifehacker,Lifehacker
http://whopayswriters.com/#/publication/lifestyle-publications,Lifestyle Publications
http://whopayswriters.com/#/publication/lifetimedailycom,Lifetimedaily.com
http://whopayswriters.com/#/publication/lighting--sound-america,Lighting & Sound America
http://whopayswriters.com/#/publication/ligiddycom,Ligiddy.com
http://whopayswriters.com/#/publication/listversecom,Listverse.com
http://whopayswriters.com/#/publication/literary-hub,Literary Hub
http://whopayswriters.com/#/publication/literary-traveler,Literary Traveler
http://whopayswriters.com/#/publication/little-ones-charlotte-edition,"Little Ones, Charlotte Edition"
http://whopayswriters.com/#/publication/little-white-lies,Little White Lies
http://whopayswriters.com/#/publication/live-happy,Live Happy
http://whopayswriters.com/#/publication/livestrongcom,Livestrong.com
http://whopayswriters.com/#/publication/livingbetter50,Livingbetter50
http://whopayswriters.com/#/publication/loaded-magazine,Loaded Magazine
http://whopayswriters.com/#/publication/locale-magazine,Locale Magazine
http://whopayswriters.com/#/publication/locavore-magazine,Locavore Magazine
http://whopayswriters.com/#/publication/london-review-of-books,London Review Of Books
http://whopayswriters.com/#/publication/londonist,Londonist
http://whopayswriters.com/#/publication/longreads-exclusives,Longreads Exclusives
http://whopayswriters.com/#/publication/looper,Looper
http://whopayswriters.com/#/publication/los-angeles-magazine,Los Angeles Magazine
http://whopayswriters.com/#/publication/los-angeles-review-of-books,Los Angeles Review Of Books
http://whopayswriters.com/#/publication/los-angeles-times,Los Angeles Times
http://whopayswriters.com/#/publication/love-story,Love Story
http://whopayswriters.com/#/publication/love2fly,Love2fly
http://whopayswriters.com/#/publication/lucky-magazine,Lucky Magazine
http://whopayswriters.com/#/publication/lucky-peach,Lucky Peach
http://whopayswriters.com/#/publication/luxe-interiors-and-design-magazine,Luxe Interiors And Design Magazine
http://whopayswriters.com/#/publication/luxos-magazine,Luxos Magazine
http://whopayswriters.com/#/publication/luxury-travel-australia,Luxury Travel Australia
http://whopayswriters.com/#/publication/lwn,Lwn
http://whopayswriters.com/#/publication/m-music-and-musicians,M: Music And Musicians
http://whopayswriters.com/#/publication/m2-magazine-australia-and-new-zealand,M2 Magazine (australia And New Zealand)
http://whopayswriters.com/#/publication/macleans-magazine,Maclean's Magazine
http://whopayswriters.com/#/publication/magenta,Magenta
http://whopayswriters.com/#/publication/maisonneuve,Maisonneuve
http://whopayswriters.com/#/publication/makeshift,Make/shift
http://whopayswriters.com/#/publication/makeuseof,Makeuseof
http://whopayswriters.com/#/publication/making-a-living-writing,Making A Living Writing
http://whopayswriters.com/#/publication/man-repeller,Man Repeller
http://whopayswriters.com/#/publication/marie-claire,Marie Claire
http://whopayswriters.com/#/publication/marquette-magazine,Marquette Magazine
http://whopayswriters.com/#/publication/martha-stewart-living,Martha Stewart Living
http://whopayswriters.com/#/publication/maryland-life,Maryland Life
http://whopayswriters.com/#/publication/mashable,Mashable
http://whopayswriters.com/#/publication/mashed,Mashed
http://whopayswriters.com/#/publication/mask-magazine,Mask Magazine
http://whopayswriters.com/#/publication/massage-magazine,Massage Magazine
http://whopayswriters.com/#/publication/matador-network,Matador Network
http://whopayswriters.com/#/publication/matchbook,Matchbook
http://whopayswriters.com/#/publication/mattermark,Mattermark
http://whopayswriters.com/#/publication/maura-magazine,Maura Magazine
http://whopayswriters.com/#/publication/maxim,Maxim
http://whopayswriters.com/#/publication/mcsweenys-internet-tendency,Mcsweeny's Internet Tendency
http://whopayswriters.com/#/publication/md-magazine,Md Magazine
http://whopayswriters.com/#/publication/media-bistro,Media Bistro
http://whopayswriters.com/#/publication/mediaite,Mediaite
http://whopayswriters.com/#/publication/medical-economics,Medical Economics
http://whopayswriters.com/#/publication/medium,Medium
http://whopayswriters.com/#/publication/mediumcom-war-is-boring,Medium.com War Is Boring
http://whopayswriters.com/#/publication/medshadow,Medshadow
http://whopayswriters.com/#/publication/mel-magazine,Mel Magazine
http://whopayswriters.com/#/publication/memphis-magazine,Memphis Magazine
http://whopayswriters.com/#/publication/mens-health,Men's Health
http://whopayswriters.com/#/publication/mens-journal,Men's Journal
http://whopayswriters.com/#/publication/mental-floss,Mental Floss
http://whopayswriters.com/#/publication/merry-jane,Merry Jane
http://whopayswriters.com/#/publication/metal-hammer,Metal Hammer
http://whopayswriters.com/#/publication/metropolis-magazine,Metropolis Magazine
http://whopayswriters.com/#/publication/michigan-quarterly-review,Michigan Quarterly Review
http://whopayswriters.com/#/publication/middle-east-educator,Middle East Educator
http://whopayswriters.com/#/publication/middle-east-eye,Middle East Eye
http://whopayswriters.com/#/publication/middle-east-monitor,Middle East Monitor
http://whopayswriters.com/#/publication/midnight-breakfast,Midnight Breakfast
http://whopayswriters.com/#/publication/midtown,Midtown
http://whopayswriters.com/#/publication/minnesota-parent,Minnesota Parent
http://whopayswriters.com/#/publication/mississippi-magazine,Mississippi Magazine
http://whopayswriters.com/#/publication/mit-technology-review,Mit Technology Review
http://whopayswriters.com/#/publication/mithila-review,Mithila Review
http://whopayswriters.com/#/publication/mode-media,Mode Media
http://whopayswriters.com/#/publication/model-view-culture,Model View Culture
http://whopayswriters.com/#/publication/modern-farmer,Modern Farmer
http://whopayswriters.com/#/publication/modern-luxury,Modern Luxury
http://whopayswriters.com/#/publication/modern-luxury--manhattan,Modern Luxury - Manhattan
http://whopayswriters.com/#/publication/modern-magazine,Modern Magazine
http://whopayswriters.com/#/publication/momme,Mom.me
http://whopayswriters.com/#/publication/momme,Mom.me
http://whopayswriters.com/#/publication/moment-magazine,Moment Magazine
http://whopayswriters.com/#/publication/mommyish,Mommyish
http://whopayswriters.com/#/publication/momondo,Momondo
http://whopayswriters.com/#/publication/money-talks-news,Money Talks News
http://whopayswriters.com/#/publication/moneycrasherscom,Moneycrashers.com
http://whopayswriters.com/#/publication/mongabaycom,Mongabay.com
http://whopayswriters.com/#/publication/monocle,Monocle
http://whopayswriters.com/#/publication/monstercom,Monster.com
http://whopayswriters.com/#/publication/montecristo-magazine,Montecristo Magazine
http://whopayswriters.com/#/publication/moot,Moot
http://whopayswriters.com/#/publication/mother-jones,Mother Jones
http://whopayswriters.com/#/publication/motherboard-vice,Motherboard (vice)
http://whopayswriters.com/#/publication/mothers-always-write,Mothers Always Write
http://whopayswriters.com/#/publication/mountain-magazine,Mountain Magazine
http://whopayswriters.com/#/publication/mrportercom-the-daily,Mrporter.com The Daily
http://whopayswriters.com/#/publication/ms-blog-ms-magazine,Ms. Blog (Ms. Magazine)
http://whopayswriters.com/#/publication/muftah,Muftah
http://whopayswriters.com/#/publication/multilingual-magazine,Multilingual Magazine
http://whopayswriters.com/#/publication/murietalifestylescom,Murietalifestyles.com
http://whopayswriters.com/#/publication/muslim-girl,Muslim Girl
http://whopayswriters.com/#/publication/muumuu-house,Muumuu House
http://whopayswriters.com/#/publication/my-bank-tracker,My Bank Tracker
http://whopayswriters.com/#/publication/myspacecom,Myspace.com
http://whopayswriters.com/#/publication/mystery-tribune,Mystery Tribune
http://whopayswriters.com/#/publication/n1,N+1
http://whopayswriters.com/#/publication/nailpro,Nailpro
http://whopayswriters.com/#/publication/narratively,Narratively
http://whopayswriters.com/#/publication/nashville-review,Nashville Review
http://whopayswriters.com/#/publication/national-education-association--travel-newsletter,National Education Association - Travel Newsletter
http://whopayswriters.com/#/publication/national-geographic--intelligent-travel-blog,National Geographic – Intelligent Travel Blog
http://whopayswriters.com/#/publication/national-geographic-voice-for-elephants-blog,National Geographic –Voice For Elephants Blog
http://whopayswriters.com/#/publication/national-geographic-kids,National Geographic Kids
http://whopayswriters.com/#/publication/national-geographic-news,National Geographic News
http://whopayswriters.com/#/publication/national-geographic-travel,National Geographic Travel
http://whopayswriters.com/#/publication/national-geographic-traveler,National Geographic Traveler
http://whopayswriters.com/#/publication/national-review-online,National Review Online
http://whopayswriters.com/#/publication/naturally-danny-seo,"Naturally, Danny Seo"
http://whopayswriters.com/#/publication/nature-futures,Nature: Futures
http://whopayswriters.com/#/publication/nature-soapbox-science,Nature: Soapbox Science
http://whopayswriters.com/#/publication/nautilus-magazine,Nautilus Magazine
http://whopayswriters.com/#/publication/nbc-news-asian-america,Nbc News Asian America
http://whopayswriters.com/#/publication/nebraska-life,Nebraska Life
http://whopayswriters.com/#/publication/neolife,Neo.life
http://whopayswriters.com/#/publication/nerve,Nerve
http://whopayswriters.com/#/publication/networkworld,Networkworld
http://whopayswriters.com/#/publication/new-african,New African
http://whopayswriters.com/#/publication/new-food-economy,New Food Economy
http://whopayswriters.com/#/publication/new-hampshire-business-review,New Hampshire Business Review
http://whopayswriters.com/#/publication/new-reader-magazine,New Reader Magazine
http://whopayswriters.com/#/publication/new-scientist,New Scientist
http://whopayswriters.com/#/publication/new-socialist,New Socialist
http://whopayswriters.com/#/publication/new-statesman,New Statesman
http://whopayswriters.com/#/publication/new-york-daily-news,New York Daily News
http://whopayswriters.com/#/publication/new-york-magazine,New York Magazine
http://whopayswriters.com/#/publication/new-york-observer,New York Observer
http://whopayswriters.com/#/publication/new-york-press,New York Press
http://whopayswriters.com/#/publication/new-york-review-of-books,New York Review Of Books
http://whopayswriters.com/#/publication/new-york-times--t-style-magazine,New York Times – T Style Magazine
http://whopayswriters.com/#/publication/new-york-times-magazine,New York Times Magazine
http://whopayswriters.com/#/publication/new-york-times-motherlode,New York Times Motherlode
http://whopayswriters.com/#/publication/new-york-times-travel,New York Times Travel
http://whopayswriters.com/#/publication/newest-york,Newest York
http://whopayswriters.com/#/publication/news--observer,News & Observer
http://whopayswriters.com/#/publication/news-deeply,News Deeply
http://whopayswriters.com/#/publication/news-for-shoppers,News For Shoppers
http://whopayswriters.com/#/publication/newsline-magazine,Newsline Magazine
http://whopayswriters.com/#/publication/newsmotion,Newsmotion
http://whopayswriters.com/#/publication/newsweek,Newsweek
http://whopayswriters.com/#/publication/next-city,Next City
http://whopayswriters.com/#/publication/nextavenueorg,Nextavenue.org
http://whopayswriters.com/#/publication/nexttribe,Nexttribe
http://whopayswriters.com/#/publication/nikkei-asian-review,Nikkei Asian Review
http://whopayswriters.com/#/publication/nme,Nme
http://whopayswriters.com/#/publication/no-risk-seo,No Risk Seo
http://whopayswriters.com/#/publication/noisey-vice,Noisey (vice)
http://whopayswriters.com/#/publication/north-american-congress-on-latin-america-nacla,North American Congress On Latin America (Nacla)
http://whopayswriters.com/#/publication/north-bay-biz,North Bay Biz
http://whopayswriters.com/#/publication/north-coast-journal,North Coast Journal
http://whopayswriters.com/#/publication/north-jersey-media-group,North Jersey Media Group
http://whopayswriters.com/#/publication/northern-virginia-magazine,Northern Virginia Magazine
http://whopayswriters.com/#/publication/novanext,Novanext
http://whopayswriters.com/#/publication/now-magazine,Now Magazine
http://whopayswriters.com/#/publication/npr,Npr
http://whopayswriters.com/#/publication/npr,Npr
http://whopayswriters.com/#/publication/npr-code-switch,Npr Code Switch
http://whopayswriters.com/#/publication/nursetogethercom,Nursetogether.com
http://whopayswriters.com/#/publication/nuvo,Nuvo
http://whopayswriters.com/#/publication/ny-arts-magazine,Ny Arts Magazine
http://whopayswriters.com/#/publication/ny-mag,Ny Mag
http://whopayswriters.com/#/publication/ny-thrills,Ny Thrills
http://whopayswriters.com/#/publication/nycitywoman,Nycitywoman
http://whopayswriters.com/#/publication/nylon,Nylon
http://whopayswriters.com/#/publication/nymetroparents,Nymetroparents
http://whopayswriters.com/#/publication/oak--the-nordic-journal,Oak - The Nordic Journal
http://whopayswriters.com/#/publication/oakland-magazine,Oakland Magazine
http://whopayswriters.com/#/publication/oberoi-magazine,Oberoi Magazine
http://whopayswriters.com/#/publication/observatory,Observatory
http://whopayswriters.com/#/publication/obsev,Obsev
http://whopayswriters.com/#/publication/occupycom,Occupy.com
http://whopayswriters.com/#/publication/office-pro,Office Pro
http://whopayswriters.com/#/publication/official-xbox-magazine,Official Xbox Magazine
http://whopayswriters.com/#/publication/okeypanky,Okey-panky
http://whopayswriters.com/#/publication/oklahoma-gazette,Oklahoma Gazette
http://whopayswriters.com/#/publication/on-she-goes,On She Goes
http://whopayswriters.com/#/publication/ookpixels,Ookpixels
http://whopayswriters.com/#/publication/open,Open
http://whopayswriters.com/#/publication/open-culture,Open Culture
http://whopayswriters.com/#/publication/opentable-blog,Opentable Blog
http://whopayswriters.com/#/publication/oregon-beer-growler,Oregon Beer Growler
http://whopayswriters.com/#/publication/oregon-healthy-living,Oregon Healthy Living
http://whopayswriters.com/#/publication/otaku-usa-magazine,Otaku Usa Magazine
http://whopayswriters.com/#/publication/ourselves-black,Ourselves Black
http://whopayswriters.com/#/publication/outside-online,Outside (online)
http://whopayswriters.com/#/publication/outside-bozeman,Outside Bozeman
http://whopayswriters.com/#/publication/outside-online,Outside Online
http://whopayswriters.com/#/publication/overland-literary-journal,Overland Literary Journal
http://whopayswriters.com/#/publication/overture,Overture
http://whopayswriters.com/#/publication/oxford-american,Oxford American
http://whopayswriters.com/#/publication/oxford-university-press,Oxford University Press
http://whopayswriters.com/#/publication/oyster,Oyster
http://whopayswriters.com/#/publication/ozy,Ozy
http://whopayswriters.com/#/publication/pacific-standard,Pacific Standard
http://whopayswriters.com/#/publication/pagely,Pagely
http://whopayswriters.com/#/publication/paper-magazine,Paper Magazine
http://whopayswriters.com/#/publication/parade,Parade
http://whopayswriters.com/#/publication/paradise-pets,Paradise Pets
http://whopayswriters.com/#/publication/parallax-news,Parallax News
http://whopayswriters.com/#/publication/parent-co,Parent Co
http://whopayswriters.com/#/publication/parenting-magazine,Parenting Magazine
http://whopayswriters.com/#/publication/parentmap,Parentmap
http://whopayswriters.com/#/publication/parents,Parents
http://whopayswriters.com/#/publication/particle,Particle
http://whopayswriters.com/#/publication/paste-magazine,Paste Magazine
http://whopayswriters.com/#/publication/paste-magazine-food-section,"Paste Magazine, Food Section"
http://whopayswriters.com/#/publication/pbs-mediashift,Pbs Mediashift
http://whopayswriters.com/#/publication/pbs-nova-nature-of-reality-blog,Pbs Nova: Nature Of Reality Blog
http://whopayswriters.com/#/publication/pcma-convene,Pcma Convene
http://whopayswriters.com/#/publication/pcmag,Pcmag
http://whopayswriters.com/#/publication/pens-and-needles,Pens And Needles
http://whopayswriters.com/#/publication/penthouse,Penthouse
http://whopayswriters.com/#/publication/peppermint-magazine,Peppermint Magazine
http://whopayswriters.com/#/publication/perihelion-science-fiction,Perihelion Science Fiction
http://whopayswriters.com/#/publication/pet-business,Pet Business
http://whopayswriters.com/#/publication/philadelphia-inquirer,Philadelphia Inquirer
http://whopayswriters.com/#/publication/photopreneur,Photopreneur
http://whopayswriters.com/#/publication/physicians-practice,Physicians Practice
http://whopayswriters.com/#/publication/pitchfork,Pitchfork
http://whopayswriters.com/#/publication/pittsburgh-quarterly,Pittsburgh Quarterly
http://whopayswriters.com/#/publication/pizza-today,Pizza Today
http://whopayswriters.com/#/publication/places-journal,Places Journal
http://whopayswriters.com/#/publication/planning-magazine,Planning Magazine
http://whopayswriters.com/#/publication/plate-magazine,Plate Magazine
http://whopayswriters.com/#/publication/playbill,Playbill
http://whopayswriters.com/#/publication/playboy,Playboy
http://whopayswriters.com/#/publication/playboy,Playboy
http://whopayswriters.com/#/publication/ploughshares,Ploughshares
http://whopayswriters.com/#/publication/podiatry-management-magazine,Podiatry Management Magazine
http://whopayswriters.com/#/publication/poetry-foundation,Poetry Foundation
http://whopayswriters.com/#/publication/poets--writers,Poets & Writers
http://whopayswriters.com/#/publication/policy-mic,Policy Mic
http://whopayswriters.com/#/publication/politico-magazine,Politico Magazine
http://whopayswriters.com/#/publication/politico-magazine-europe-edition,Politico Magazine (Europe Edition)
http://whopayswriters.com/#/publication/pollstar,Pollstar
http://whopayswriters.com/#/publication/polygon,Polygon
http://whopayswriters.com/#/publication/popmatters,Popmatters
http://whopayswriters.com/#/publication/popsugar,Popsugar
http://whopayswriters.com/#/publication/popular-mechanics,Popular Mechanics
http://whopayswriters.com/#/publication/popular-science,Popular Science
http://whopayswriters.com/#/publication/pornoktisch,Pornoktisch
http://whopayswriters.com/#/publication/portable,Portable
http://whopayswriters.com/#/publication/portals-of-prayer,Portals Of Prayer
http://whopayswriters.com/#/publication/porter--sail,Porter & Sail
http://whopayswriters.com/#/publication/porthole,Porthole
http://whopayswriters.com/#/publication/portland-mercury,Portland Mercury
http://whopayswriters.com/#/publication/poynterorg,Poynter.org
http://whopayswriters.com/#/publication/practical-ecommerce,Practical Ecommerce
http://whopayswriters.com/#/publication/practical-pain-management,Practical Pain Management
http://whopayswriters.com/#/publication/prefix-mag,Prefix Mag
http://whopayswriters.com/#/publication/pregnancy--newborn-magazine,Pregnancy & Newborn Magazine
http://whopayswriters.com/#/publication/priceonomics,Priceonomics
http://whopayswriters.com/#/publication/princeton-alumni-weekly,Princeton Alumni Weekly
http://whopayswriters.com/#/publication/prog,Prog
http://whopayswriters.com/#/publication/projection-lights-and-staging-news,"Projection, Lights And Staging News"
http://whopayswriters.com/#/publication/projectmanagercom,Projectmanager.com
http://whopayswriters.com/#/publication/pseudopod,Pseudopod
http://whopayswriters.com/#/publication/psychedelic-times,Psychedelic Times
http://whopayswriters.com/#/publication/psychology-today,Psychology Today
http://whopayswriters.com/#/publication/publishers-weekly,Publishers Weekly
http://whopayswriters.com/#/publication/pure-green-magazine,Pure Green Magazine
http://whopayswriters.com/#/publication/purewow,Purewow
http://whopayswriters.com/#/publication/purseblog,Purseblog
http://whopayswriters.com/#/publication/quartz,Quartz
http://whopayswriters.com/#/publication/queen-mobs-teahouse,Queen Mob's Teahouse
http://whopayswriters.com/#/publication/quench-magazine,Quench Magazine
http://whopayswriters.com/#/publication/quillette-magazine,Quillette Magazine
http://whopayswriters.com/#/publication/racked,Racked
http://whopayswriters.com/#/publication/radiocom,Radio.com
http://whopayswriters.com/#/publication/rain-taxi,Rain Taxi
http://whopayswriters.com/#/publication/raleigh--company,Raleigh & Company
http://whopayswriters.com/#/publication/rappler,Rappler
http://whopayswriters.com/#/publication/rare,Rare
http://whopayswriters.com/#/publication/ravishly,Ravishly
http://whopayswriters.com/#/publication/readers-digest,Reader's Digest
http://whopayswriters.com/#/publication/readers-digest-canada,Reader's Digest Canada
http://whopayswriters.com/#/publication/real-life-magazine,Real Life Magazine
http://whopayswriters.com/#/publication/realtor-magazine,Realtor Magazine
http://whopayswriters.com/#/publication/reason,Reason
http://whopayswriters.com/#/publication/recruiter-today,Recruiter Today
http://whopayswriters.com/#/publication/red-bull-music,Red Bull Music
http://whopayswriters.com/#/publication/red-bull-music-academy-magazine-now-rbma-dailly,Red Bull Music Academy Magazine (now Rbma Dailly)
http://whopayswriters.com/#/publication/red-bulletin,Red Bulletin
http://whopayswriters.com/#/publication/redmond-magazine,Redmond Magazine
http://whopayswriters.com/#/publication/reductress,Reductress
http://whopayswriters.com/#/publication/refinery29,Refinery29
http://whopayswriters.com/#/publication/relevant-magazine,Relevant Magazine
http://whopayswriters.com/#/publication/religion--politics,Religion & Politics
http://whopayswriters.com/#/publication/religion-news-service,Religion News Service
http://whopayswriters.com/#/publication/remeshed,Remeshed
http://whopayswriters.com/#/publication/remezcla,Remezcla
http://whopayswriters.com/#/publication/renaissance-magazine,Renaissance Magazine
http://whopayswriters.com/#/publication/renocom,Reno.com
http://whopayswriters.com/#/publication/reorient-magazine,Reorient Magazine
http://whopayswriters.com/#/publication/resetme,Reset.me
http://whopayswriters.com/#/publication/restaurant-nuts,Restaurant Nuts
http://whopayswriters.com/#/publication/reuterscom,Reuters.com
http://whopayswriters.com/#/publication/revelist,Revelist
http://whopayswriters.com/#/publication/revision-path,Revision Path
http://whopayswriters.com/#/publication/rewire-news,Rewire News
http://whopayswriters.com/#/publication/ribbonfarm,Ribbonfarm
http://whopayswriters.com/#/publication/richmond-pulse,Richmond Pulse
http://whopayswriters.com/#/publication/ricochetmedia,Ricochetmedia
http://whopayswriters.com/#/publication/riverfront-times,Riverfront Times
http://whopayswriters.com/#/publication/roads--kingdoms,Roads & Kingdoms
http://whopayswriters.com/#/publication/rock-sound,Rock Sound
http://whopayswriters.com/#/publication/rodales-organic-life,Rodale's Organic Life
http://whopayswriters.com/#/publication/rogue-valley-messenger,Rogue Valley Messenger
http://whopayswriters.com/#/publication/rolling-stone,Rolling Stone
http://whopayswriters.com/#/publication/rookie-mag,Rookie Mag
http://whopayswriters.com/#/publication/rootsrated,Rootsrated
http://whopayswriters.com/#/publication/rootsrated,Rootsrated
http://whopayswriters.com/#/publication/ruminate-magazine,Ruminate Magazine
http://whopayswriters.com/#/publication/runner-click,Runner Click
http://whopayswriters.com/#/publication/runners-world,Runner's World
http://whopayswriters.com/#/publication/runners-world,Runner's World
http://whopayswriters.com/#/publication/rva-magazine,Rva Magazine
http://whopayswriters.com/#/publication/salon,Salon
http://whopayswriters.com/#/publication/san-antonio-magazine,San Antonio Magazine
http://whopayswriters.com/#/publication/san-diego-reader,San Diego Reader
http://whopayswriters.com/#/publication/san-francisco-bay-guardian,San Francisco Bay Guardian
http://whopayswriters.com/#/publication/san-francisco-chronicle,San Francisco Chronicle
http://whopayswriters.com/#/publication/san-francisco-examiner,San Francisco Examiner
http://whopayswriters.com/#/publication/san-francisco-magazine,San Francisco Magazine
http://whopayswriters.com/#/publication/sanat-dunyamiz,Sanat Dunyamiz
http://whopayswriters.com/#/publication/spiens,Sàpiens
http://whopayswriters.com/#/publication/saturday-evening-post,Saturday Evening Post
http://whopayswriters.com/#/publication/saveur,Saveur
http://whopayswriters.com/#/publication/sb-nation,Sb Nation
http://whopayswriters.com/#/publication/sb-nation-longform,Sb Nation Longform
http://whopayswriters.com/#/publication/scalawag,Scalawag
http://whopayswriters.com/#/publication/scary-mommy,Scary Mommy
http://whopayswriters.com/#/publication/school-library-journal,School Library Journal
http://whopayswriters.com/#/publication/school-transportation-news,School Transportation News
http://whopayswriters.com/#/publication/scidevnet,Scidev.net
http://whopayswriters.com/#/publication/science-insider,Science Insider
http://whopayswriters.com/#/publication/science-magazine,Science Magazine
http://whopayswriters.com/#/publication/science-news-for-studentssc,Science News For Studentssc
http://whopayswriters.com/#/publication/scientific-american,Scientific American
http://whopayswriters.com/#/publication/screen-rant,Screen Rant
http://whopayswriters.com/#/publication/screener,Screener
http://whopayswriters.com/#/publication/screenspy,Screenspy
http://whopayswriters.com/#/publication/seat42f,Seat42f
http://whopayswriters.com/#/publication/seattle-magazine,Seattle Magazine
http://whopayswriters.com/#/publication/seattle-weekly,Seattle Weekly
http://whopayswriters.com/#/publication/self-magazine,Self Magazine
http://whopayswriters.com/#/publication/serious-eats,Serious Eats
http://whopayswriters.com/#/publication/seven-scribes,Seven Scribes
http://whopayswriters.com/#/publication/several-people-are-typing-the-official-slack-blog,Several People Are Typing: The Official Slack Blog
http://whopayswriters.com/#/publication/sf-appeal,Sf Appeal
http://whopayswriters.com/#/publication/sf-weekly,Sf Weekly
http://whopayswriters.com/#/publication/sfaq,Sfaq
http://whopayswriters.com/#/publication/shameless-magazine,Shameless Magazine
http://whopayswriters.com/#/publication/shape,Shape
http://whopayswriters.com/#/publication/shareable,Shareable
http://whopayswriters.com/#/publication/shareablenet,Shareable.net
http://whopayswriters.com/#/publication/sheknows,Sheknows
http://whopayswriters.com/#/publication/sheknows,Sheknows
http://whopayswriters.com/#/publication/sierra-magazine,Sierra Magazine
http://whopayswriters.com/#/publication/sierraclubcom,Sierraclub.com
http://whopayswriters.com/#/publication/siliconangle,Siliconangle
http://whopayswriters.com/#/publication/sixty-inches-from-center,Sixty Inches From Center
http://whopayswriters.com/#/publication/ski-magazine,Ski Magazine
http://whopayswriters.com/#/publication/skift,Skift
http://whopayswriters.com/#/publication/skirt-collective,Skirt Collective
http://whopayswriters.com/#/publication/sky-magazine,Sky Magazine
http://whopayswriters.com/#/publication/slashgear,Slashgear
http://whopayswriters.com/#/publication/slate,Slate
http://whopayswriters.com/#/publication/smashing-magazine,Smashing Magazine
http://whopayswriters.com/#/publication/smith-journal-australia,Smith Journal (australia)
http://whopayswriters.com/#/publication/smithsonian-air--space,Smithsonian Air & Space
http://whopayswriters.com/#/publication/smithsonian-magazine,Smithsonian Magazine
http://whopayswriters.com/#/publication/snap-judgement,Snap Judgement
http://whopayswriters.com/#/publication/snews,Snews
http://whopayswriters.com/#/publication/social-media-examiner,Social Media Examiner
http://whopayswriters.com/#/publication/society-of-grownups,Society Of Grownups
http://whopayswriters.com/#/publication/sofi,Sofi
http://whopayswriters.com/#/publication/sojourners,Sojourners
http://whopayswriters.com/#/publication/something-else-reviews,Something Else! Reviews
http://whopayswriters.com/#/publication/sonoma-indextribune,Sonoma Index-tribune
http://whopayswriters.com/#/publication/sonoma-magazine,Sonoma Magazine
http://whopayswriters.com/#/publication/sonoma-magazine,Sonoma Magazine
http://whopayswriters.com/#/publication/sonoma-valley-sun,Sonoma Valley Sun
http://whopayswriters.com/#/publication/soultraincom,Soultrain.com
http://whopayswriters.com/#/publication/south-china-morning-post,South China Morning Post
http://whopayswriters.com/#/publication/south-florida-gay-news,South Florida Gay News
http://whopayswriters.com/#/publication/southeast-asia-globe,Southeast Asia Globe
http://whopayswriters.com/#/publication/southwest-the-magazine-inflight-magazine-of-southwest-airlines,Southwest: The Magazine (In-flight Magazine Of Southwest Airlines)
http://whopayswriters.com/#/publication/spectator,Spectator
http://whopayswriters.com/#/publication/spirituality--health,Spirituality & Health
http://whopayswriters.com/#/publication/splice-today,Splice Today
http://whopayswriters.com/#/publication/splitsider,Splitsider
http://whopayswriters.com/#/publication/spokesmanreview,Spokesman-review
http://whopayswriters.com/#/publication/spook-magazine,Spook Magazine
http://whopayswriters.com/#/publication/srq-magazine,Srq Magazine
http://whopayswriters.com/#/publication/staancecom,Staance.com
http://whopayswriters.com/#/publication/stage-directions,Stage Directions
http://whopayswriters.com/#/publication/star-tribune,Star Tribune
http://whopayswriters.com/#/publication/stat,Stat
http://whopayswriters.com/#/publication/steemitcom,Steemit.com
http://whopayswriters.com/#/publication/stepfeed,Stepfeed
http://whopayswriters.com/#/publication/stereogum,Stereogum
http://whopayswriters.com/#/publication/stir-journal,Stir Journal
http://whopayswriters.com/#/publication/stones-throw-records,Stones Throw Records
http://whopayswriters.com/#/publication/stormwater-magazine,Stormwater Magazine
http://whopayswriters.com/#/publication/story-collider,Story Collider
http://whopayswriters.com/#/publication/storyhouston,Story|houston
http://whopayswriters.com/#/publication/storyhunter,Storyhunter
http://whopayswriters.com/#/publication/strange-horizons,Strange Horizons
http://whopayswriters.com/#/publication/streetsblog,Streetsblog
http://whopayswriters.com/#/publication/style-weekly,Style Weekly
http://whopayswriters.com/#/publication/subaru-drive-magazine,Subaru Drive Magazine
http://whopayswriters.com/#/publication/submittable,Submittable
http://whopayswriters.com/#/publication/substancecom,Substance.com
http://whopayswriters.com/#/publication/substream-magazine,Substream Magazine
http://whopayswriters.com/#/publication/subtropics,Subtropics
http://whopayswriters.com/#/publication/successful-farming,Successful Farming
http://whopayswriters.com/#/publication/suitcase-magazine,Suitcase Magazine
http://whopayswriters.com/#/publication/suitcase-magazine,Suitcase Magazine
http://whopayswriters.com/#/publication/sunset,Sunset
http://whopayswriters.com/#/publication/supchina,Supchina
http://whopayswriters.com/#/publication/supermoney,Supermoney
http://whopayswriters.com/#/publication/surface-design-association-blog,Surface Design Association Blog
http://whopayswriters.com/#/publication/surface-magazine,Surface Magazine
http://whopayswriters.com/#/publication/susquehanna-life,Susquehanna Life
http://whopayswriters.com/#/publication/tablet-magazine,Tablet Magazine
http://whopayswriters.com/#/publication/take-magazine,Take Magazine
http://whopayswriters.com/#/publication/takepart,Takepart
http://whopayswriters.com/#/publication/talkhouse,Talkhouse
http://whopayswriters.com/#/publication/talking-points-memo,Talking Points Memo
http://whopayswriters.com/#/publication/talkpoverty,Talkpoverty
http://whopayswriters.com/#/publication/taste,Taste
http://whopayswriters.com/#/publication/tastemade,Tastemade
http://whopayswriters.com/#/publication/tasteofhomecom,Tasteofhome.com
http://whopayswriters.com/#/publication/tasting-table,Tasting Table
http://whopayswriters.com/#/publication/teamgo,Teamgo
http://whopayswriters.com/#/publication/tech-chomps,Tech Chomps
http://whopayswriters.com/#/publication/techbeacon,Techbeacon
http://whopayswriters.com/#/publication/techhive,Techhive
http://whopayswriters.com/#/publication/techpresident,Techpresident
http://whopayswriters.com/#/publication/ted-blog,Ted Blog
http://whopayswriters.com/#/publication/teen-vogue,Teen Vogue
http://whopayswriters.com/#/publication/test,Test
http://whopayswriters.com/#/publication/texas-coop-power,Texas Co-op Power
http://whopayswriters.com/#/publication/texas-monthly,Texas Monthly
http://whopayswriters.com/#/publication/the-13-secret-roman-dishes,The 13 Secret Roman Dishes
http://whopayswriters.com/#/publication/the-advocate,The Advocate
http://whopayswriters.com/#/publication/the-age,The Age
http://whopayswriters.com/#/publication/the-airship,The Airship
http://whopayswriters.com/#/publication/the-airship-black-balloon-publishing,The Airship (black Balloon Publishing)
http://whopayswriters.com/#/publication/the-american-conservative,The American Conservative
http://whopayswriters.com/#/publication/the-american-genius,The American Genius
http://whopayswriters.com/#/publication/the-american-prospect,The American Prospect
http://whopayswriters.com/#/publication/the-american-reader,The American Reader
http://whopayswriters.com/#/publication/the-atavist,The Atavist
http://whopayswriters.com/#/publication/the-athletic,The Athletic
http://whopayswriters.com/#/publication/the-atlanta-journalconstitution,The Atlanta Journal-constitution
http://whopayswriters.com/#/publication/the-atlantic,The Atlantic
http://whopayswriters.com/#/publication/the-atlantic--health,The Atlantic - Health
http://whopayswriters.com/#/publication/the-atlantic-object-lessons,The Atlantic (object Lessons)
http://whopayswriters.com/#/publication/the-atlantic-online-education-section,"The Atlantic (online), Education Section"
http://whopayswriters.com/#/publication/the-austin-chronicle,The Austin Chronicle
http://whopayswriters.com/#/publication/the-awl,The Awl
http://whopayswriters.com/#/publication/the-baffler,The Baffler
http://whopayswriters.com/#/publication/the-bark,The Bark
http://whopayswriters.com/#/publication/the-believer,The Believer
http://whopayswriters.com/#/publication/the-billfold,The Billfold
http://whopayswriters.com/#/publication/the-bitter-southerner,The Bitter Southerner
http://whopayswriters.com/#/publication/the-bold-italic,The Bold Italic
http://whopayswriters.com/#/publication/the-bolde,The Bolde
http://whopayswriters.com/#/publication/the-bridge,The Bridge
http://whopayswriters.com/#/publication/the-brooklyn-quarterly,The Brooklyn Quarterly
http://whopayswriters.com/#/publication/the-caravan,The Caravan
http://whopayswriters.com/#/publication/the-cauldron,The Cauldron
http://whopayswriters.com/#/publication/the-cheat-sheet,The Cheat Sheet
http://whopayswriters.com/#/publication/the-creators-project,The Creators Project
http://whopayswriters.com/#/publication/the-cut-new-york-magazine,The Cut (New York Magazine)
http://whopayswriters.com/#/publication/the-daily-beast,The Daily Beast
http://whopayswriters.com/#/publication/the-daily-dot,The Daily Dot
http://whopayswriters.com/#/publication/the-dart,The Dart
http://whopayswriters.com/#/publication/the-debrief,The Debrief
http://whopayswriters.com/#/publication/the-development-setbrigh,The Development Set/brigh
http://whopayswriters.com/#/publication/the-dollar-stretcher,The Dollar Stretcher
http://whopayswriters.com/#/publication/the-drake,The Drake
http://whopayswriters.com/#/publication/the-economist,The Economist
http://whopayswriters.com/#/publication/the-edit,The Edit
http://whopayswriters.com/#/publication/the-equipped-brewer,The Equipped Brewer
http://whopayswriters.com/#/publication/the-escapist,The Escapist
http://whopayswriters.com/#/publication/the-establishment,The Establishment
http://whopayswriters.com/#/publication/the-everygirl,The Everygirl
http://whopayswriters.com/#/publication/the-f-bomb,The F Bomb
http://whopayswriters.com/#/publication/the-fader,The Fader
http://whopayswriters.com/#/publication/the-fashion-spot,The Fashion Spot
http://whopayswriters.com/#/publication/the-financial-diet,The Financial Diet
http://whopayswriters.com/#/publication/the-financial-times,The Financial Times
http://whopayswriters.com/#/publication/the-fix,The Fix
http://whopayswriters.com/#/publication/the-forward,The Forward
http://whopayswriters.com/#/publication/the-fresh-toast,The Fresh Toast
http://whopayswriters.com/#/publication/the-friday-times,The Friday Times
http://whopayswriters.com/#/publication/the-frisky,The Frisky
http://whopayswriters.com/#/publication/the-girlfriend-from-aarp,The Girlfriend From Aarp
http://whopayswriters.com/#/publication/the-globe-and-mail,The Globe And Mail
http://whopayswriters.com/#/publication/the-guardian,The Guardian
http://whopayswriters.com/#/publication/the-guardian-us,The Guardian (us)
http://whopayswriters.com/#/publication/the-guardian-global-development,The Guardian Global Development
http://whopayswriters.com/#/publication/the-hairpin,The Hairpin
http://whopayswriters.com/#/publication/the-hechinger-report,The Hechinger Report
http://whopayswriters.com/#/publication/the-independent,The Independent
http://whopayswriters.com/#/publication/the-independent-restaurateur,The Independent Restaurateur
http://whopayswriters.com/#/publication/the-independentae,The Independent.ae
http://whopayswriters.com/#/publication/the-inquisitr,The Inquisitr
http://whopayswriters.com/#/publication/the-intercept,The Intercept
http://whopayswriters.com/#/publication/the-iowa-review,The Iowa Review
http://whopayswriters.com/#/publication/the-jewish-advocate,The Jewish Advocate
http://whopayswriters.com/#/publication/the-kernel-daily-dot,The Kernel (daily Dot)
http://whopayswriters.com/#/publication/the-lancet,The Lancet
http://whopayswriters.com/#/publication/the-lifted-brow-australia,The Lifted Brow (australia)
http://whopayswriters.com/#/publication/the-line-of-best-fit,The Line Of Best Fit
http://whopayswriters.com/#/publication/the-linguist,The Linguist
http://whopayswriters.com/#/publication/the-lookout-journal,The Lookout Journal
http://whopayswriters.com/#/publication/the-magazine,The Magazine
http://whopayswriters.com/#/publication/the-mary-sue,The Mary Sue
http://whopayswriters.com/#/publication/the-masters-review,The Masters Review
http://whopayswriters.com/#/publication/the-millions,The Millions
http://whopayswriters.com/#/publication/the-morning-news,The Morning News
http://whopayswriters.com/#/publication/the-muse,The Muse
http://whopayswriters.com/#/publication/the-nation,The Nation
http://whopayswriters.com/#/publication/the-national,The National
http://whopayswriters.com/#/publication/the-new-arab,The New Arab
http://whopayswriters.com/#/publication/the-new-european,The New European
http://whopayswriters.com/#/publication/the-new-inquiry,The New Inquiry
http://whopayswriters.com/#/publication/the-new-republic,The New Republic
http://whopayswriters.com/#/publication/the-new-york-post,The New York Post
http://whopayswriters.com/#/publication/the-new-york-times,The New York Times
http://whopayswriters.com/#/publication/the-new-york-times--modern-love,The New York Times - Modern Love
http://whopayswriters.com/#/publication/the-new-yorker,The New Yorker
http://whopayswriters.com/#/publication/the-new-yorker--daily-shouts-humor-section,The New Yorker - Daily Shouts (Humor Section)
http://whopayswriters.com/#/publication/the-new-yorker--elements-tech-blog,The New Yorker – Elements (tech Blog)
http://whopayswriters.com/#/publication/the-news-hub,The News Hub
http://whopayswriters.com/#/publication/the-observerguardian,The Observer/guardian
http://whopayswriters.com/#/publication/the-offing,The Offing
http://whopayswriters.com/#/publication/the-open-notebook,The Open Notebook
http://whopayswriters.com/#/publication/the-outline,The Outline
http://whopayswriters.com/#/publication/the-overcast,The Overcast
http://whopayswriters.com/#/publication/the-paris-review,The Paris Review
http://whopayswriters.com/#/publication/the-penny-hoarder,The Penny Hoarder
http://whopayswriters.com/#/publication/the-picture-professional,The Picture Professional
http://whopayswriters.com/#/publication/the-pitch,The Pitch
http://whopayswriters.com/#/publication/the-plaid-zebra,The Plaid Zebra
http://whopayswriters.com/#/publication/the-point,The Point
http://whopayswriters.com/#/publication/the-progressive,The Progressive
http://whopayswriters.com/#/publication/the-quietus,The Quietus
http://whopayswriters.com/#/publication/the-raddington-report,The Raddington Report
http://whopayswriters.com/#/publication/the-real-deal-los-angeles,The Real Deal Los Angeles
http://whopayswriters.com/#/publication/the-rebel-bulletin,The Rebel Bulletin
http://whopayswriters.com/#/publication/the-ringer,The Ringer
http://whopayswriters.com/#/publication/the-riveter,The Riveter
http://whopayswriters.com/#/publication/the-root,The Root
http://whopayswriters.com/#/publication/the-rumpus,The Rumpus
http://whopayswriters.com/#/publication/the-rumpus--letters-in-the-mail,The Rumpus - Letters In The Mail
http://whopayswriters.com/#/publication/the-rush-magazine,The Rush Magazine
http://whopayswriters.com/#/publication/the-salt-npr-food-blog,The Salt (npr Food Blog)
http://whopayswriters.com/#/publication/the-scientist,The Scientist
http://whopayswriters.com/#/publication/the-slutist,The Slutist
http://whopayswriters.com/#/publication/the-smart-set,The Smart Set
http://whopayswriters.com/#/publication/the-stage,The Stage
http://whopayswriters.com/#/publication/the-state,The State
http://whopayswriters.com/#/publication/the-street,The Street
http://whopayswriters.com/#/publication/the-struggle-of-a-loving-mother,The Struggle Of A Loving Mother.
http://whopayswriters.com/#/publication/the-sun,The Sun
http://whopayswriters.com/#/publication/the-sunday-times,The Sunday Times
http://whopayswriters.com/#/publication/the-surfers-journal,The Surfer's Journal
http://whopayswriters.com/#/publication/the-tempest,The Tempest
http://whopayswriters.com/#/publication/the-texas-observer,The Texas Observer
http://whopayswriters.com/#/publication/the-toast,The Toast
http://whopayswriters.com/#/publication/the-towner,The Towner
http://whopayswriters.com/#/publication/the-truth-about-cars,The Truth About Cars
http://whopayswriters.com/#/publication/the-verge,The Verge
http://whopayswriters.com/#/publication/the-wag-magazine,The Wag Magazine
http://whopayswriters.com/#/publication/the-walrus,The Walrus
http://whopayswriters.com/#/publication/the-war-horse,The War Horse
http://whopayswriters.com/#/publication/the-washington-post--on-parenting,The Washington Post -- On Parenting
http://whopayswriters.com/#/publication/the-washington-times,The Washington Times
http://whopayswriters.com/#/publication/the-week-website,The Week Website
http://whopayswriters.com/#/publication/the-weekly-standard-blog,The Weekly Standard Blog
http://whopayswriters.com/#/publication/the-white-review,The White Review
http://whopayswriters.com/#/publication/the-wire,The Wire
http://whopayswriters.com/#/publication/the-woke-society,The Woke Society
http://whopayswriters.com/#/publication/the-womens-international-perspective,The Women's International Perspective
http://whopayswriters.com/#/publication/the-write-life,The Write Life
http://whopayswriters.com/#/publication/the-writer,The Writer
http://whopayswriters.com/#/publication/thekitchn,Thekitchn
http://whopayswriters.com/#/publication/them,Them
http://whopayswriters.com/#/publication/things-to-do-in-palm-springs--california,Things To Do In Palm Springs - California
http://whopayswriters.com/#/publication/this-american-life-radio,This American Life (radio)
http://whopayswriters.com/#/publication/this-magazine-canada,This Magazine (canada)
http://whopayswriters.com/#/publication/this-recording,This Recording
http://whopayswriters.com/#/publication/threepenny-review,Threepenny Review
http://whopayswriters.com/#/publication/thrillist,Thrillist
http://whopayswriters.com/#/publication/thrillist-philly,Thrillist Philly
http://whopayswriters.com/#/publication/thriving-family,Thriving Family
http://whopayswriters.com/#/publication/time,Time
http://whopayswriters.com/#/publication/time-ideastimecom,Time (ideas.time.com)
http://whopayswriters.com/#/publication/time-magazine,Time Magazine
http://whopayswriters.com/#/publication/time-out,Time Out
http://whopayswriters.com/#/publication/time-out-new-york,Time Out New York
http://whopayswriters.com/#/publication/timeline,Timeline
http://whopayswriters.com/#/publication/times-higher-education,Times Higher Education
http://whopayswriters.com/#/publication/tin-house,Tin House
http://whopayswriters.com/#/publication/tnooz,Tnooz
http://whopayswriters.com/#/publication/todays-charlotte-woman,Today's Charlotte Woman
http://whopayswriters.com/#/publication/todays-parent-magazine,Today's Parent Magazine
http://whopayswriters.com/#/publication/tokyoyogacom,Tokyoyoga.com
http://whopayswriters.com/#/publication/tonic,Tonic
http://whopayswriters.com/#/publication/tonic-vice,Tonic (Vice)
http://whopayswriters.com/#/publication/townsquare-digital,Townsquare Digital
http://whopayswriters.com/#/publication/trains-magazine,Trains Magazine
http://whopayswriters.com/#/publication/transitions-abroad,Transitions Abroad
http://whopayswriters.com/#/publication/travel-age-west,Travel Age West
http://whopayswriters.com/#/publication/travel-and-leisure,Travel And Leisure
http://whopayswriters.com/#/publication/travioor,Travioor
http://whopayswriters.com/#/publication/triathlete-magazine,Triathlete Magazine
http://whopayswriters.com/#/publication/tricycle,Tricycle
http://whopayswriters.com/#/publication/truthout,Truthout
http://whopayswriters.com/#/publication/ttg-asia-travel-trade-gazette-asia-singapore,"Ttg Asia (Travel Trade Gazette Asia), Singapore"
http://whopayswriters.com/#/publication/tuenight,Tuenight
http://whopayswriters.com/#/publication/tumblr-storyboard,Tumblr Storyboard
http://whopayswriters.com/#/publication/tvtechnology,Tvtechnology
http://whopayswriters.com/#/publication/tyro-magazine,Tyro Magazine
http://whopayswriters.com/#/publication/us-news--world-report,U.s. News & World Report
http://whopayswriters.com/#/publication/us-news--world-report,U.s. News & World Report
http://whopayswriters.com/#/publication/us-news--world-report,U.s. News & World Report
http://whopayswriters.com/#/publication/uk-blasting-news,Uk Blasting News
http://whopayswriters.com/#/publication/ultius,Ultius
http://whopayswriters.com/#/publication/undark,Undark
http://whopayswriters.com/#/publication/under-the-radar,Under The Radar
http://whopayswriters.com/#/publication/uni-junkee,Uni Junkee
http://whopayswriters.com/#/publication/unicorn-booty,Unicorn Booty
http://whopayswriters.com/#/publication/unilad,Unilad
http://whopayswriters.com/#/publication/univision,Univision
http://whopayswriters.com/#/publication/unusual-effortd,Unusual Effortd
http://whopayswriters.com/#/publication/unusual-efforts,Unusual Efforts
http://whopayswriters.com/#/publication/unwinnable,Unwinnable
http://whopayswriters.com/#/publication/upside-down-world,Upside Down World
http://whopayswriters.com/#/publication/upworthy,Upworthy
http://whopayswriters.com/#/publication/urb-magazine,Urb Magazine
http://whopayswriters.com/#/publication/urban-agenda-magazine,Urban Agenda Magazine
http://whopayswriters.com/#/publication/urban-omnibus,Urban Omnibus
http://whopayswriters.com/#/publication/us-of-america,Us Of America
http://whopayswriters.com/#/publication/usa-today,Usa Today
http://whopayswriters.com/#/publication/usa-today-college,Usa Today College
http://whopayswriters.com/#/publication/vam,Vam
http://whopayswriters.com/#/publication/van-magazine,Van Magazine
http://whopayswriters.com/#/publication/vanity-fair,Vanity Fair
http://whopayswriters.com/#/publication/variety,Variety
http://whopayswriters.com/#/publication/vdrome,Vdrome
http://whopayswriters.com/#/publication/venturebeat,Venturebeat
http://whopayswriters.com/#/publication/verge-magazine,Verge Magazine
http://whopayswriters.com/#/publication/verily-magazine,Verily Magazine
http://whopayswriters.com/#/publication/very-smart-brothas,Very Smart Brothas
http://whopayswriters.com/#/publication/vh1,Vh1
http://whopayswriters.com/#/publication/vice,Vice
http://whopayswriters.com/#/publication/vice,Vice
http://whopayswriters.com/#/publication/vice,Vice
http://whopayswriters.com/#/publication/vice,Vice
http://whopayswriters.com/#/publication/vice,Vice
http://whopayswriters.com/#/publication/vice,Vice
http://whopayswriters.com/#/publication/vice-uk,Vice (uk)
http://whopayswriters.com/#/publication/vice-canada,Vice Canada
http://whopayswriters.com/#/publication/vice-news,Vice News
http://whopayswriters.com/#/publication/vice-sports,Vice Sports
http://whopayswriters.com/#/publication/vice-sports-canada,Vice Sports Canada
http://whopayswriters.com/#/publication/vicemotherboard,Vice—motherboard
http://whopayswriters.com/#/publication/vicecom-munchies,Vice.com (munchies)
http://whopayswriters.com/#/publication/vicecom-munchies,Vice.com (Munchies)
http://whopayswriters.com/#/publication/victory-journal,Victory Journal
http://whopayswriters.com/#/publication/village-voice,Village Voice
http://whopayswriters.com/#/publication/virginia-quarterly-review,Virginia Quarterly Review
http://whopayswriters.com/#/publication/visions,Visions
http://whopayswriters.com/#/publication/vitamin-w,Vitamin W
http://whopayswriters.com/#/publication/vocally,Vocally
http://whopayswriters.com/#/publication/vogue,Vogue
http://whopayswriters.com/#/publication/voguecom,Vogue.com
http://whopayswriters.com/#/publication/vox,Vox
http://whopayswriters.com/#/publication/vox-first-person,Vox First Person
http://whopayswriters.com/#/publication/vulture,Vulture
http://whopayswriters.com/#/publication/vulture-magazine,Vulture Magazine
http://whopayswriters.com/#/publication/wags-revue,Wag's Revue
http://whopayswriters.com/#/publication/waging-nonviolence,Waging Nonviolence
http://whopayswriters.com/#/publication/waiter-magazine,Wait(er) Magazine
http://whopayswriters.com/#/publication/wall-street-journal,Wall Street Journal
http://whopayswriters.com/#/publication/warscapes,Warscapes
http://whopayswriters.com/#/publication/washington-blade,Washington Blade
http://whopayswriters.com/#/publication/washington-city-paper,Washington City Paper
http://whopayswriters.com/#/publication/washington-post,Washington Post
http://whopayswriters.com/#/publication/washington-post-express,Washington Post Express
http://whopayswriters.com/#/publication/washington-post-express,Washington Post Express
http://whopayswriters.com/#/publication/washington-post-magazine,Washington Post Magazine
http://whopayswriters.com/#/publication/washington-post-soloish,Washington Post Solo-ish
http://whopayswriters.com/#/publication/washingtonian,Washingtonian
http://whopayswriters.com/#/publication/water-deeply,Water Deeply
http://whopayswriters.com/#/publication/water-efficiency-magazine,Water Efficiency Magazine
http://whopayswriters.com/#/publication/waterworld,Waterworld
http://whopayswriters.com/#/publication/wattpad,Wattpad
http://whopayswriters.com/#/publication/wbur-cognoscenti,Wbur Cognoscenti
http://whopayswriters.com/#/publication/we-like-la,We Like La
http://whopayswriters.com/#/publication/wear-your-voice,Wear Your Voice
http://whopayswriters.com/#/publication/web-hosting-secret-revealed,Web Hosting Secret Revealed
http://whopayswriters.com/#/publication/wedding-bee,Wedding Bee
http://whopayswriters.com/#/publication/west-branch,West Branch
http://whopayswriters.com/#/publication/western-new-york-physician,Western New York Physician
http://whopayswriters.com/#/publication/whole-life-times,Whole Life Times
http://whopayswriters.com/#/publication/whosay,Whosay
http://whopayswriters.com/#/publication/wilder-quarterly,Wilder Quarterly
http://whopayswriters.com/#/publication/willamette-week,Willamette Week
http://whopayswriters.com/#/publication/windy-city-times,Windy City Times
http://whopayswriters.com/#/publication/wired,Wired
http://whopayswriters.com/#/publication/wisecrack,Wisecrack
http://whopayswriters.com/#/publication/wlrn,Wlrn
http://whopayswriters.com/#/publication/womens-adventure,Women's Adventure
http://whopayswriters.com/#/publication/womens-enews,Women's Enews
http://whopayswriters.com/#/publication/womens-media-center,Women's Media Center
http://whopayswriters.com/#/publication/womens-running-magazine,Women's Running Magazine
http://whopayswriters.com/#/publication/womens-health,Women’s Health
http://whopayswriters.com/#/publication/womens-review-of-books,Womens Review Of Books
http://whopayswriters.com/#/publication/wonderland-magazine,Wonderland Magazine
http://whopayswriters.com/#/publication/wonkette,Wonkette
http://whopayswriters.com/#/publication/words-in-light,Words In Light
http://whopayswriters.com/#/publication/working-mother-magazine,Working Mother Magazine
http://whopayswriters.com/#/publication/world-literature-today,World Literature Today
http://whopayswriters.com/#/publication/world-politics-review,World Politics Review
http://whopayswriters.com/#/publication/worldatlascom,Worldatlas.com
http://whopayswriters.com/#/publication/writehackr-magazine,Writehackr Magazine
http://whopayswriters.com/#/publication/writers-digest,Writer's Digest
http://whopayswriters.com/#/publication/wwwnewsworksorg,Www.newsworks.org
http://whopayswriters.com/#/publication/xojane,Xojane
http://whopayswriters.com/#/publication/xonecole,Xonecole
http://whopayswriters.com/#/publication/yahoo-beauty,Yahoo Beauty
http://whopayswriters.com/#/publication/yahoo,Yahoo!
http://whopayswriters.com/#/publication/yellowstone-valley-woman-magazine,Yellowstone Valley Woman Magazine
http://whopayswriters.com/#/publication/yes-magazine,Yes! Magazine
http://whopayswriters.com/#/publication/yoga-journal,Yoga Journal
http://whopayswriters.com/#/publication/youbeauty,Youbeauty
http://whopayswriters.com/#/publication/your-chicken-enemy,Your Chicken Enemy
http://whopayswriters.com/#/publication/yourtango,Yourtango
http://whopayswriters.com/#/publication/yourteen,Yourteen
http://whopayswriters.com/#/publication/zdnet,Zdnet
http://whopayswriters.com/#/publication/zink-magazine,Zink Magazine
http://whopayswriters.com/#/publication/zocalo-public-square,Zocalo Public Square
http://whopayswriters.com/#/publication/zymurgy-magazine,Zymurgy Magazine
